title,description,image,link,source,category,tags
Beautiful sunset over mountains,Golden hour photography of mountain peaks,https://images.unsplash.com/photo-1506905925346-21bda4d32df4?w=400&h=500&fit=crop,https://unsplash.com,Unsplash,landscape,nature photography mountains sunset
Minimalist workspace,Clean desk setup with natural light,https://images.unsplash.com/photo-1593642632823-8f785ba67e45?w=400&h=500&fit=crop,https://unsplash.com,Unsplash,design,workspace minimalist clean
Forest path adventure,Lush greenery and winding trail,https://images.unsplash.com/photo-1506905925346-21bda4d32df4?w=400&h=600&fit=crop,https://unsplash.com,Unsplash,landscape,nature forest hiking trail
Coffee and creativity,Artistic flat lay with coffee cup,https://images.unsplash.com/photo-1559056199-641a0ac8b3f7?w=400&h=500&fit=crop,https://unsplash.com,Unsplash,design,coffee flat-lay artistic
Ocean waves at dawn,Seascape with peaceful waves,https://images.unsplash.com/photo-1505142468610-359e7d316be0?w=400&h=500&fit=crop,https://unsplash.com,Unsplash,landscape,ocean waves seascape
Urban architecture,Modern building design and structure,https://images.unsplash.com/photo-1486406146926-c627a92ad1ab?w=400&h=600&fit=crop,https://unsplash.com,Unsplash,architecture,urban modern building
Wild flowers in spring,Colorful meadow landscape,https://images.unsplash.com/photo-1490075893519-8ef7afee3900?w=400&h=500&fit=crop,https://unsplash.com,Unsplash,landscape,flowers spring meadow colorful
Northern lights,Aurora borealis over snowy landscape,https://images.unsplash.com/photo-1444080748397-f442aa95c3e5?w=400&h=600&fit=crop,https://unsplash.com,Unsplash,landscape,aurora lights night sky
Desert dunes,Golden sand patterns and textures,https://images.unsplash.com/photo-1469854523086-cc02fe5d8800?w=400&h=500&fit=crop,https://unsplash.com,Unsplash,landscape,desert sand golden
Tropical beach paradise,White sand and turquoise water,https://images.unsplash.com/photo-1507525428034-b723cf961d3e?w=400&h=500&fit=crop,https://unsplash.com,Unsplash,landscape,beach tropical vacation
Modern kitchen design,Sleek contemporary kitchen interior,https://images.unsplash.com/photo-1556909114-f6e7ad7d3136?w=400&h=500&fit=crop,https://unsplash.com,Unsplash,design,kitchen modern home interior
Street photography,Urban street scene with people,https://images.unsplash.com/photo-1502175353174-42a94b36b842?w=400&h=600&fit=crop,https://unsplash.com,Unsplash,photography,street urban people
Sunset reflection,Mirror image in calm water,https://images.unsplash.com/photo-1495962787697-0d71197fba0f?w=400&h=500&fit=crop,https://unsplash.com,Unsplash,landscape,sunset reflection water
Cozy reading corner,Comfortable book nook with plants,https://images.unsplash.com/photo-1507842217343-583f7270bfba?w=400&h=500&fit=crop,https://unsplash.com,Unsplash,design,cozy reading books plants
Mountain summit,Peak with snow and clear sky,https://images.unsplash.com/photo-1506905925346-21bda4d32df4?w=400&h=600&fit=crop,https://unsplash.com,Unsplash,landscape,mountains peak hiking adventure
